<?xml version="1.0" encoding="UTF-8"?>
<project-private xmlns="http://www.netbeans.org/ns/project-private/1">
    <editor-bookmarks xmlns="http://www.netbeans.org/ns/editor-bookmarks/2" lastBookmarkId="0"/>
    <open-files xmlns="http://www.netbeans.org/ns/projectui-open-files/2">
        <group>
            <file>file:/var/www/html/MFA_AT_NG/resources/views/travel_notices/index.blade.php</file>
            <file>file:/var/www/html/MFA_AT_NG/routes/web.php</file>
            <file>file:/var/www/html/MFA_AT_NG/app/TravelNotice.php</file>
            <file>file:/var/www/html/MFA_AT_NG/app/Http/Controllers/TravelNoticiesController.php</file>
        </group>
    </open-files>
</project-private>
